"standard_id";"standard_name";"maxver";"verlist";"publitseeritud";"aegunuid_versioone";"kustutatud_versioone"
36430;Abivahendid funktsioonide toetamiseks;"1";"1";1;0;0
47013;Abivahendid ja meditsiiniseadmed;"4";"4,3,2,1";1;3;0
203;ABO veregrupp;"4";"4,3,2,1";1;3;0
17678;Afaasia;"1";"1";1;0;0
16949;AIDS indikaatorhaigused;"2";"2,1";1;1;0
36396;Ambulatoorsed vastuvõtud;"22";"22,21,20,19,18,17,16,15,14,13,12,11,10,9,8,7,6,5,4,3,2,1";1;21;0
1736;Ametite Klassifikaator;"3";"3,2";1;1;0
49107;Analüüsiseadme identifikaator JRC järgi;"1";"1";1;0;0
12481;Anamneesi vanusegrupp;"1";"1";1;0;0
12530;Andmekogu vastutav töötleja;"1";"1";1;0;0
49752;Andmevaaturi alaliste diagnooside filter;"1";"1";1;0;0
49779;Andmevaaturi antropomeetriliste näitajate normid;"2";"2,1";1;1;0
1450;Anesteesia liigid;"2";"2,1";1;1;0
645;Anesteesia riskid;"2";"2,1";1;1;0
32083;Antibiootikumtundlikkuse uuringu vastus;"5";"5,4,3,2,1";1;4;0
261;Apgari komponendid;"2";"2,1";1;1;0
12486;Arengu hindamine;"1";"1";1;0;0
12490;Arengu hindamise vanusegrupp;"1";"1";1;0;0
29363;Arsti otsus;"1";"1";1;0;0
12494;Artikulatsiooniharjumused;"1";"1";1;0;0
33785;Aspireerimise koht;"1";"1";1;0;0
18113;Asutuse omadused kiirabiportaalis;"1";"1";1;0;0
17682;Babinski refleks;"1";"1";1;0;0
46109;Broneeringu tühistamise tagasilükkamise põhjuse kood;"1";"1";1;0;0
48979;Covid-19 sertifikaatide tüübid;"1";"1";1;0;0
35079;CPI indeks;"2";"2,1";1;1;0
17620;CPI määramise segment;"1";"1";1;0;0
17686;Defibrillaatori faasilisus;"1";"1";1;0;0
16957;Diagnoosi kinnituse meetod;"1";"1";1;0;0
10161;Diagnoosi liik;"3";"3,2";1;1;0
215;Diagnoosi statistiline liik;"2";"2,1";1;1;0
12499;Dokumendi tüüp;"11";"11,10,9,8,7,6,5,4,3,2,1";1;10;0
10512;Dokumendi tüüp (DL väline);"2";"2,1";1;1;0
47017;Eemaldamise põhjus;"2";"2,1";1;1;0
1567;Eesti haldus- ja asustusjaotuse klassifikaator;"2023v3";"2023v3,2023v2,2023v1,2022v3,2022v2,2022v1,2021v4,2021v3,2021v2,2021v1,2020v3,2020v2,2020v1,2019v8,2019v7,2019v6,2017v3,2017v2,2017v1,2016v2,2016v1,2015v1,2014v4,2014v3.1,2014v3,2014v2,2014v1,2013v5,2007v2,2007v1";1;29;0
18126;e-Kiirabikaardi infosüsteemi kesksüsteemi õigused;"1";"1";1;0;0
18130;E-kiirabikaardi infosüsteemi kesksüsteemi statistilised aruanded;"1";"1";1;0;0
18122;e-Kiirabikaardi infosüsteemi kindlad rollid;"1";"1";1;0;0
36389;E-konsultatsiooni teenused;"2";"2,1";1;1;0
17694;Elektrokardiostimulatsiooni meetod;"1";"1";1;0;0
17703;Elektrokardiostimulatsiooni režiim;"1";"1";1;0;0
9700;Elukoha liik;"1";"1";1;0;0
27905;Elustamise käigus ettevõetud elupäästvad protseduurid;"1";"1";1;0;0
17699;Elustamise käigus tekkinud tüsistused;"1";"1";1;0;0
1441;Elustamise tulemus;"1";"1";1;0;0
16953;Emalt nakkuse saanu ema oletatav nakatumise viis;"1";"1";1;0;0
17707;Endotrahheaalse intubatsiooni meetod;"1";"1";1;0;0
36097;ER_Annulleerimise põhjendused;"1";"1";1;0;0
36093;ER_Asendamatuse põhjus;"3";"3,2,1";1;2;0
12398;Erialad;"8";"8,7,6,5,4,3,2,1";1;7;0
10373;ER_Kindlustust tõendava dokumendi liik;"1";"1";1;0;0
10381;ER_Koondarve tüüp;"1";"1";1;0;0
36204;ER_Meditsiiniseadme kaardi muutmise põhjus;"1";"1";1;0;0
36079;ER_Müügiloata otsus;"1";"1";1;0;0
35477;ER_Müügiloata staatus;"1";"1";1;0;0
35473;ER_Müügiloata taotluse põhjendus;"1";"1";1;0;0
35481;ER_Negatiivse otsuse põhjendus;"1";"1";1;0;0
36089;ER_Ravikuuritüüp;"3";"3,2,1";1;2;0
36424;ER_Retsepti kordsus;"1";"1";1;0;0
10368;ER_Retsepti liik;"1";"1";1;0;0
10385;ER_Retsepti liik koondarves;"1";"1";1;0;0
10377;ER_Retsepti staatused;"2";"2,1";1;1;0
10390;ER_Soodustuse määr;"1";"1";1;0;0
36114;ER_Ühikud_aja;"2";"2,1";1;1;0
13886;ER_Ühikud_annustamine;"3";"3,2,1";1;2;0
13881;ER_Ühikud_mahu-_ja_massiühikud;"2";"2,1";1;1;0
10406;ER_Veateated;"1";"1";1;0;0
10402;ER_Veatüübid;"1";"1";1;0;0
10410;ER_Volituse liik;"1";"1";1;0;0
17711;Esmaselt diagnoositud vereringeseiskuse vorm;"1";"1";1;0;0
48848;Farmakogeneetilise uuringu (geeniprodukti funktsioon) vastus;"2";"2,1";1;1;0
48908;Farmakogeneetilise uuringu (metaboolne aktiivsus) vastus;"2";"2,1";1;1;0
17539;Furkatsiooni kahjustuse aste;"2";"2,1";1;1;0
1364;Genitaalid;"1";"1";1;0;0
35074;Gingiviidi staadium;"1";"1";1;0;0
17542;Gingiviidi ulatus;"1";"1";1;0;0
17715;Haava korrastus;"1";"1";1;0;0
47021;Haava või haavandi põhi;"1";"1";1;0;0
12507;Haigekassa hinnakiri;"48";"48,47,46,45,44,43,42,41,40,39,38,37,36,35,34,33,32,31,30,29,28,27,26,25,24,23,22,21,20,19,18,17,16,15,14,13,12,11,10,9,8,7,6,5,4,3,2,1";1;47;0
12143;Haigekassa piirkond;"1";"1";1;0;0
2450;Haiglast lahkumine;"1";"1";1;0;0
29391;Haigused, millega kaasneb absoluutne mittevastavus B-tõendi tervisenõuetele;"1";"1";1;0;0
29399;Haigused, millega kaasneb absoluutne mittevastavus C-tõendi tervisenõuetele;"1";"1";1;0;0
29379;Haigused, millega kaasneb suhteline mittevastavus A-tõendi tervisenõuetele;"1";"1";1;0;0
29387;Haigused, millega kaasneb suhteline mittevastavus B-tõendi tervisenõuetele;"1";"1";1;0;0
29395;Haigused, millega kaasneb suhteline mittevastavus C-tõendi tervisenõuetele;"1";"1";1;0;0
45064;Haigusega seotud geenipaneel;"3";"3,2,1";1;2;0
12503;Haigusjuhu tüüp;"3";"3,2,1";1;2;0
16961;Haigustekitaja;"4";"4,3,2,1";1;3;0
17743;Häirekeskuse kutsetöötlusmanuaal;"4";"4,3,2,1";1;3;0
17747;Häirekeskuse soovituste täitmine patsiendi omaste  poolt;"1";"1";1;0;0
35070;Hambajuure kahjustus;"1";"1";1;0;0
17628;Hambakatu aste;"1";"1";1;0;0
17631;Hambakivi;"1";"1";1;0;0
17602;Hamba kulumisaste;"1";"1";1;0;0
17605;Hamba liikuvusaste;"1";"1";1;0;0
27834;Hambapind;"1";"1";1;0;0
35053;Hambaravis kasutatav materjal;"1";"1";1;0;0
35048;Hamba staatus;"2";"2,1";1;1;0
17545;Hambavalem;"1";"1";1;0;0
17719;Hapnikravi meetod;"1";"1";1;0;0
8732;Haridus;"1";"1";1;0;0
17548;Helid alalõualuu liigeses;"1";"1";1;0;0
16965;Hepatiitide levikutee;"1";"1";1;0;0
17723;Hingamissageduse tase;"1";"1";1;0;0
17735;Hingamisteede avatuse tagamisel kasutatud meetmed;"2";"2,1";1;1;0
17731;Hingamisteede refleksid vahetult enne elustamisvõtete rakendamist;"1";"1";1;0;0
29648;Hinna liik;"1";"1";1;0;0
47025;Hinnang eneseväljendusele;"1";"1";1;0;0
47037;Hinnang käitumisele;"1";"1";1;0;0
17739;Hinnang kiirabieelsete ABC võtete rakendamisele;"1";"1";1;0;0
47029;Hinnang kukkumise riskile;"1";"1";1;0;0
47033;Hinnang kuulmisele;"1";"1";1;0;0
47041;Hinnang mälule;"1";"1";1;0;0
47045;Hinnang nägemisele;"1";"1";1;0;0
47049;Hinnang toitumisele;"1";"1";1;0;0
18118;Hinnangu liik;"2";"2,1";1;1;0
47053;Hinnang unele;"1";"1";1;0;0
47057;Hinnang võimele teistest aru saada;"1";"1";1;0;0
67373;Histokeemilised värvingud;"1";"1";1;0;0
35652;Histoloogiline diferentseerumise aste;"5";"5,4,3,2,1";1;4;0
16969;HIV nakkuse peamine oletatav levikutee;"1";"1";1;0;0
17751;Hüpotermia saavutamise meetod taaselustamisel;"1";"1";1;0;0
35058;Igemetasku mõõtepunktid;"1";"1";1;0;0
338;Immuniseerimise alalised vastunäidustused;"2";"2,1";1;1;0
334;Immuniseerimise kõrvalnähud;"2";"2,1";1;1;0
10568;Immuniseerimise vanusegrupp;"4";"4,3,2,1";1;3;0
67343;Immuunhistokeemilised värvingud;"1";"1";1;0;0
17755;Intrakardiaalne ravimi manustamise meetod;"1";"1";1;0;0
17759;Invasiivne arteriaalse rõhu monitooring;"1";"1";1;0;0
47061;Invasiivsed vahendid ja stoomihooldusvahendid;"2";"2,1";1;1;0
8736;ISCED97;"1";"1";1;0;0
18142;Isikut tõendav dokument;"2";"2,1";1;1;0
35062;Juure täitmise ulatus;"1";"1";1;0;0
47065;Kahjustuse raskusaste;"1";"1";1;0;0
17763;Kaitsevahendid;"1";"1";1;0;0
17767;Kardiomonitooringu protokolli olemasolu;"1";"1";1;0;0
47647;Kasvaja staadium;"1";"1";1;0;0
12513;Kasvamise vanusegrupp;"1";"1";1;0;0
12541;Kätefunktsioon;"1";"1";1;0;0
17611;Katu retensioon;"1";"1";1;0;0
1562;Keelte Klassifikaator;"1.0";"1.0";1;0;0
10273;Kehapaikme suunatäpsustused;"1";"1";1;0;0
36382;Kehapiirkond;"4";"4,3,2,1";1;3;0
17776;Keskmise arteriaalse rõhu leidmise meetod;"1";"1";1;0;0
10524;Kesksüsteemi adressaadid;"8";"8,7,6,5,4,3,2,1";1;7;0
10520;Kesksüsteemi veateated;"1";"1";1;0;0
17780;Kestev krambihoog;"1";"1";1;0;0
17788;Kiirabibrigaadi hinnang juhtumi prioriteedile;"1";"1";1;0;0
17792;Kiirabibrigaadi kaitse saaste vastu;"1";"1";1;0;0
17796;Kiirabibrigaadi liikme roll;"2";"2,1";1;1;0
18146;Kiirabibrigaadi liikme tööaja liik;"1";"1";1;0;0
17800;Kiirabibrigaadi tüüp;"2";"2,1";1;1;0
17805;Kiirabieelselt ABC võtetega alustanud isik;"1";"1";1;0;0
17809;Kiirabieelselt rakendatud ABC võtted;"1";"1";1;0;0
18138;Kiirabikaardi grupeeringu alus;"1";"1";1;0;0
18134;Kiirabikaardi protseduuride sektsioonid;"1";"1";1;0;0
17813;Kiirabikutse prioriteet;"1";"1";1;0;0
18168;Kiirabi töötaja tase;"1";"1";1;0;0
17784;Kiirabi väljasõidu lõpptulemus;"2";"2,1";1;1;0
10504;Kindlustatu roll;"1";"1";1;0;0
17817;Kliinilise surma eeldatav põhjus;"1";"1";1;0;0
17821;Kliinilise surma tekke tunnistamine;"1";"1";1;0;0
9737;Kodakondsused;"1.0";"1.0";1;0;0
17838;Köharefleksi olemasolu elustamisjärgselt;"1";"1";1;0;0
17830;Kõhu katsumisleid;"1";"1";1;0;0
36356;Koloskoopia uuringu leid;"1";"1";1;0;0
36366;Koloskoopia uuringu tüsistused;"1";"1";1;0;0
33515;Kolposkoopia uuringu vastus;"1";"1";1;0;0
12517;Kommunikatiivsus;"1";"1";1;0;0
10563;Konfidentsiaalsus arstile;"1";"1";1;0;0
1413;Kongenitaalsed refleksid;"1";"1";1;0;0
18098;Konsultatsiooni allikas;"2";"2,1";1;1;0
47069;Konsultatsiooni vastuse liik;"2";"2,1";1;1;0
12549;Kõõlusperiostaalrefleksid;"1";"1";1;0;0
1417;Kopsu auskultatoorne leid;"1";"1";1;0;0
17826;Kopsude mehaanilise ventilatsiooni meetod;"1";"1";1;0;0
17834;Kõritoru suurus;"1";"1";1;0;0
47082;Kõrvalise abi vajadus;"1";"1";1;0;0
12521;Krambid;"1";"1";1;0;0
12525;Kraniaalnärvid;"1";"1";1;0;0
47074;Kukkumise põhjus;"1";"1";1;0;0
47078;Kukkumist täpsustavad andmed;"1";"1";1;0;0
43505;Külviuuringu vastus;"3";"3,2,1";1;2;0
32087;Kvalitatiivse uuringu vastus;"7";"7,6,5,4,3,2,1";1;6;0
10491;Läbivaatuse liik;"3";"3,2,1";1;2;0
12275;Läbivaatuse valikvastused;"2";"2,1";1;1;0
12279;Läbivaatuse vanusegrupp;"1";"1";1;0;0
47651;Laboratoorse leiu määr;"1";"1";1;0;0
67162;Laboratoorse leiu vastus;"1";"1";1;0;0
66851;Laboratoorse uuringu staatus;"2";"2,1";1;1;0
28562;Laborianalüüsid Eestis LOINC;"3";"3,2,1";1;2;0
45054;Laboriuuringu eesmärk;"7";"7,6,5,4,3,2,1";1;6;0
44822;Laboriuuringute ühikud;"2";"2,1";1;1;0
17842;Lahase liik;"1";"1";1;0;0
47087;Lamatise aste;"1";"1";1;0;0
8740;Leibkonna tüüp;"1";"1";1;0;0
12553;Lihastoonus;"1";"1";1;0;0
17846;Liiklusõnnetuses osalenud liiklusvahendid;"1";"1";1;0;0
27805;Liiklusvahendid;"1";"1";1;0;0
27809;Liiklusvahendi identifitseerimise numbri liik;"1";"1";1;0;0
47898;Lisainfo SARS-CoV-2 analüüsidele;"3";"3,2,1";1;2;0
17850;Lisajõu appikutsumine;"1";"1";1;0;0
1404;Lõge;"1";"1";1;0;0
16973;Loomaliik;"1";"1";1;0;0
17854;Loputuseks kasutatud vedelik;"1";"1";1;0;0
27901;Luunõela paigaldamise koht;"1";"1";1;0;0
17858;Maoloputuse meetod;"1";"1";1;0;0
17862;Maosondi paigaldamise meetod;"1";"1";1;0;0
10500;Mask CodeSystem;"1";"1";1;0;0
47091;Materjal;"1";"1";1;0;0
35066;Materjali tüüp;"1";"1";1;0;0
12283;Menarche;"1";"1";1;0;0
17866;Meningeaalärritusnähud;"1";"1";1;0;0
44337;Menopausaalne staatus;"1";"1";1;0;0
44333;Menstruaaltsükli faas;"1";"1";1;0;0
1376;Menstruatsioon;"1";"1";1;0;0
32079;Mikrobioloogilise uuringu vastus;"14";"14,13,12,11,10,9,8,7,6,5,4,3,2,1";1;13;0
47374;Mikroobi kogus;"3";"3,2,1";1;2;0
18150;Mitteerakorralise transporditellimuse logistika;"1";"1";1;0;0
29367;Mootorsõidukijuhi meditsiinilised piirangud;"2";"2,1";1;1;0
17870;Motoorne defitsiit;"1";"1";1;0;0
17874;Motoorne vastus;"1";"1";1;0;0
18082;Mürgistuse laad;"1";"1";1;0;0
33765;Mürgistuse toimumise koht;"1";"1";1;0;0
17882;Mürgistust põhjustav aine;"1";"1";1;0;0
17878;Muu kraniaalnärvi kahjustus;"1";"1";1;0;0
10155;Muu oluline info;"1.0";"1.0";1;0;0
1388;Naba seisund lahkumisel;"1";"1";1;0;0
1392;Naha niiskus;"1";"1";1;0;0
1396;Naha temperatuur;"1";"1";1;0;0
1400;Naha värvus;"1";"1";1;0;0
32897;Nakkushaiguskahtluste nimekiri RHK-10 järgi;"4";"4,3,2,1";1;3;0
16991;Nakkushaiguste nimekiri RHK-10 järgi;"8";"8,7,6,5,4,3,2,1";1;7;0
17886;Nakkusohu/saastumisohu olemus;"1";"1";1;0;0
17571;Näo asümmeetria;"1";"1";1;0;0
1586;NCSP;"9";"9,8,7,6,5,4,3,2";1;7;0
33779;Neuroloogiline koldeleid;"1";"1";1;0;0
18094;Ninaverejooksu tamponaadiks kasutatud vahendid;"1";"1";1;0;0
17892;Ninaverejooksu tamponaadi meetod;"1";"1";1;0;0
12291;Nõustamise liik;"1";"1";1;0;0
12295;Nõustamise vanusegrupp;"1";"1";1;0;0
10495;Observation liik;"5";"5,4,3,2,1";1;4;0
47131;Õendusabi teenused;"2";"2,1";1;1;0
47135;Õendusabiteenuse tegevused;"2";"2,1";1;1;0
47095;Ohutusmeetme tüüp;"1";"1";1;0;0
10151;Olulised kirurgilised protseduurid;"1.0";"1.0";1;0;0
10145;Olulised kroonilised haigused;"1.0";"1.0";1;0;0
17901;Omahingamine vahetult enne elustamisvõtete rakendamist;"1";"1";1;0;0
10486;Organisatsiooni liik;"1";"1";1;0;0
45072;Organsiirdamise ooteleht;"1";"1";1;0;0
17574;Ortodontilise või hambaravi lõpetamise põhjus;"1";"1";1;0;0
10473;Osaluse liik;"1";"1";1;0;0
47728;Otsusetoe rakenduse EBMEDS mõõtmiste filter;"1";"1";1;0;0
47730;Otsusetoe rakenduse EBMEDS RHK-10 diagnooside filter;"2";"2,1";1;1;0
10528;Otsuse tüüp;"2";"2,1";1;1;0
36352;Pahaloomulise kasvaja levik TNM järgi;"2";"2,1";1;1;0
36370;Pahaloomulise kasvaja staadium;"2";"2,1";1;1;0
17914;Palpeeritav pulss;"1";"1";1;0;0
16977;Parenteraalse nakatumise viis;"1";"1";1;0;0
10465;Päringu staatus;"1";"1";1;0;0
10469;Päringu vastuse kood;"1";"1";1;0;0
32943;Patomorfoloogiline lõppdiagnoos;"15";"15,14,13,12,11,10,9,8,7,6,5,4,3,2,1";1;14;0
17918;Patsiendi asukoht;"1";"1";1;0;0
10508;Patsiendi eestkostja ja usaldusisiku konfidentsiaalsus;"2";"2,1";1;1;0
17922;Patsiendi haiglasse vastu võtnud osakonna tase;"1";"1";1;0;0
17926;Patsiendi identifitseeritus;"1";"1";1;0;0
17930;Patsiendi kesknärvisüsteemi seisund Glasgow-Pittsburghi hindamisskaala järgi;"1";"1";1;0;0
811;Patsiendi kontaktisikute liigid;"3";"3,2";1;1;0
322;Patsiendi pöördumise viis;"2";"2,1";1;1;0
728;Patsiendi seisund haiglast väljakirjutamisel;"3";"3,2,1";1;2;0
45068;Patsiendi staatus;"1";"1";1;0;0
10533;Patsiendi üldandmete allikas;"1";"1";1;0;0
17934;Patsiendi vanuse täpsus;"1";"1";1;0;0
12147;Pensioni liik;"1";"1";1;0;0
17938;Perearsti olemasolu;"1";"1";1;0;0
12299;Pere olukord;"1";"1";1;0;0
44975;Perinataalsurma saabumise aeg;"1";"1";1;0;0
17980;Peristaltika;"1";"1";1;0;0
66804;Personaalmeditsiini teenused;"1";"1";1;0;0
10461;Personaalse seose liik;"5";"5,4,3,2,1";1;4;0
45099;Piiriülesest andmevahetusest välja jäävad ATC koodid;"1";"1";1;0;0
12413;Pildiviida alamtüüp;"1";"1";1;0;0
47099;Planeeritav operatsioon;"3";"3,2,1";1;2;0
17910;Pleuradreneeni suurus;"1";"1";1;0;0
17906;Pleuraõõne dreneerimise meetod;"1";"1";1;0;0
17970;Põiekateetri liik;"1";"1";1;0;0
33789;Põie kateteriseerimistee;"1";"1";1;0;0
10477;Poliisi liik;"1";"1";1;0;0
36386;Polüübi eemaldamise täielikkus;"1";"1";1;0;0
36401;Polüübi koe hinnang;"1";"1";1;0;0
36405;Polüübi kuju;"1";"1";1;0;0
1290;Pöördumise plaanilisus_erakorralisus;"1";"1";1;0;0
12557;Potirežiim;"1";"1";1;0;0
33552;Proovimaterjali adekvaatsus;"3";"3,2,1";1;2;0
28558;Proovimaterjali tüüp meditsiinilaborites;"14";"14,13,12,11,10,9,8,7,6,5,4,3,2,1";1;13;0
32945;Proovimaterjali uuringu paige;"14";"14,13,12,11,10,9,8,7,6,5,4,3,2,1";1;13;0
33556;Proovinõu tüüp;"17";"17,16,15,14,13,12,11,10,9,8,7,6,5,4,3,2,1";1;16;0
44329;Proovivõtu aeg;"1";"1";1;0;0
10545;Protseduuri tüüp;"1";"1";1;0;0
12303;Psühhosotsiaalne taust ja areng;"1";"1";1;0;0
1360;Pubitaalkarvastik;"1";"1";1;0;0
17954;Pulsi regulaarsus;"1";"1";1;0;0
17966;Pupillidiferents;"1";"1";1;0;0
17958;Pupilli suurus;"2";"2,1";1;1;0
17962;Pupilli valgusreaktsioon;"1";"1";1;0;0
12151;Puude raskusaste;"1";"1";1;0;0
35083;Radioloogiline staatus;"1";"1";1;0;0
12620;Radioloogiline uuring;"5";"5,4,3,2,1";1;4;0
36378;Radioloogilise uuringu liik;"2";"2,1";1;1;0
29375;Radioloogilise uuringu tulemus;"2";"2,1";1;1;0
9741;Rahvused;"2.0";"2.0,1.0";1;1;0
48190;Ravi eesmärk;"2";"2,1";1;1;0
12195;Ravikindlustuse omadus;"2";"2,1";1;1;0
48186;Ravi liik;"4";"4,3,2,1";1;3;0
10516;Ravil viibimine (Encounter);"3";"3,2,1";1;2;0
10455;Ravimi andmete tüüp;"4";"4,3,2,1";1;3;0
32612;Ravimi kontsentratsiooni mõõtühik;"1";"1";1;0;0
17974;Ravimi manustamisviis;"1";"1";1;0;0
33596;Ravimlahuse kontsentratsiooni mõõtühik;"1";"1";1;0;0
12231;Ravimvormid;"21";"21,20,19,18,17,16,15,14,13,12,11,10,9,8,7,6,5,4,3,2,1";1;20;0
29371;Relvaloa meditsiinilised piirangud;"1";"1";1;0;0
36374;Residuaaltuumor;"1";"1";1;0;0
47378;Resistentsuse ja virulentsuse mehhanismid;"4";"4,3,2,1";1;3;0
1300;RhD kuuluvus;"4";"4,3,2,1";1;3;0
1582;RHK-10;"9";"9,8,7,6,5,4,3";1;6;0
1572;Riikide ja territooriumide klassifikaator;"2";"2";1;0;0
1368;Rinnad;"1";"1";1;0;0
1336;Rinnapiima söötmise viisid;"1";"1";1;0;0
36476;Saatekirja staatus;"2";"2,1";1;1;0
44970;Seadusliku esindaja volituse ulatus;"1";"1";1;0;0
16981;Seksuaalsel teel nakatunu nakkusallika riskirühma kuulumine;"1";"1";1;0;0
10451;Sektsiooni kodeering;"12";"12,11,10,9,8,7,6,5,4,3,2,1";1;11;0
17978;Silmade avamine;"1";"1";1;0;0
17988;Sõnaline kontakt;"1";"1";1;0;0
36409;Soole ettevalmistus;"1";"1";1;0;0
47103;Sooletrakti leid;"1";"1";1;0;0
12565;Söömisoskused ja toitumisharjumused;"1";"1";1;0;0
8744;Sotsiaalmajanduslik seisund;"4";"4,3,2,1";1;3;0
47008;Statsionaarsed ja päevaravi teenused;"3";"3,2,1";1;2;0
12561;Stigmad;"1";"1";1;0;0
17992;Südamemassaaži liik;"1";"1";1;0;0
17996;Südamerütmi regulaarsus;"1";"1";1;0;0
18005;Südametegevuse käivitaja;"1";"1";1;0;0
12187;Sugu;"2";"2,1";1;1;0
16985;Suguhaiguste levikutee;"1";"1";1;0;0
47107;Suitsetamisharjumused;"1";"1";1;0;0
277;Sündimiskoht;"2";"2,1";1;1;0
10537;Sündmuse liik (Act);"8";"8,7,6,5,4,3,2,1";1;7;0
629;Sünnituse tulem;"2";"2,1";1;1;0
285;Sünnituse valutustamine;"2";"2,1";1;1;0
44984;Suremispaik;"1";"1";1;0;0
45006;Surma põhjuse määraja;"1";"1";1;0;0
45030;Surma põhjuse määramise alus;"1";"1";1;0;0
45020;Surma tinginud asjaolu;"1";"1";1;0;0
17984;Suure põletuspinna katmisvahend;"1";"1";1;0;0
18053;Täiendava kiirabi transpordivahendi kasutamine;"1";"1";1;0;0
18013;Takistavad tegurid kiirabi ajaliseks kulgemiseks;"1";"1";1;0;0
18025;Teadvusekaotuse esinemine;"1";"1";1;0;0
18021;Teadvuse seisund;"1";"1";1;0;0
18029;Teadvusseisund vahetult enne elustamisvõtete rakendamist;"1";"1";1;0;0
36529;Teenuste valdkonnad;"6";"6,5,4,3,2,1";1;5;0
8748;Tegelik perekonnaseis;"1";"1";1;0;0
18037;Temperatuuri mõõtmise koht;"1";"1";1;0;0
36413;Teostamata koloskoopia põhjus;"1";"1";1;0;0
12191;Teovõime;"1";"1";1;0;0
12307;Terviseharjumused;"1";"1";1;0;0
32447;Tervisetõendi otsuse kasutusala;"3";"3,2,1";1;1;1
29359;Tervisetõendi saaja;"1";"1";1;0;0
29644;Tervisetõendi staatus;"1";"1";1;0;0
12569;Tervishoiuteenuse liik;"1";"1";1;0;0
10447;Tervishoiutöötaja roll;"4";"4,3,2,1";1;3;0
10443;Tervishoiutöötaja tüüp;"1";"1";1;0;0
36362;TNM määramise prefiksid;"1";"1";1;0;0
12669;Tööst olenevad ohutegurid;"1";"1";1;0;0
12346;Töövõimetuslehe liik;"1";"1";1;0;0
33775;Transpordi viis autost haiglasse;"1";"1";1;0;0
18041;Transpordi viis sündmuskohalt autosse;"1";"1";1;0;0
18033;Trauma liik;"1";"1";1;0;0
18086;Trauma mehhanism;"1";"1";1;0;0
18045;Trauma toimumise koht;"1";"1";1;0;0
18049;Tundlikkushäire piir;"1";"1";1;0;0
12311;Üldmotoorika;"1";"1";1;0;0
47111;Urotrakti leid;"1";"1";1;0;0
12582;Usaldusisiku volituse ulatus;"2";"2,1";1;1;0
46113;Uue broneeringu tagasilükkamise põhjuse kood;"1";"1";1;0;0
12509;Uuringute paikmed;"1";"1";1;0;0
12315;Uuringu vanusegrupp;"1";"1";1;0;0
12319;Vaimne taust ja areng;"1";"1";1;0;0
35545;Vaktsiinvälditavad haigused ja haigustekitajad;"5";"5,4,3,2,1";1;4;0
47115;Valu esile kutsuv tegur;"1";"1";1;0;0
47119;Valu esinemise sagedus;"1";"1";1;0;0
47123;Valu leevendusvõtted;"1";"1";1;0;0
47127;Valu liik;"2";"2,1";1;1;0
18058;Valu visuaalne analoogskaala (VAS);"1";"1";1;0;0
273;Vastsündinu ajalisus;"2";"2,1";1;0;1
1340;Vastsündinu asfüksia markerid;"1";"1";1;0;0
1344;Vastsündinu ja imiku toit;"1";"1";1;0;0
1348;Vastsündinu ja imiku väljaheide;"1";"1";1;0;0
1352;Vastsündinu naha ja limaskestade värvus;"1";"1";1;0;0
289;Vastsündinu naha seisund;"2";"2,1";1;1;0
293;Vastsündinu või imiku üldseisund;"2";"2,1";1;1;0
36463;Vastuse konfidentsiaalsus patsiendile;"1";"1";1;0;0
45831;Vastuskoodistik;"1";"1";1;0;0
27897;Veeni kanüleerimise koht;"1";"1";1;0;0
18062;Veenikanüüli suurus;"1";"1";1;0;0
18066;Verejooksu peatamine;"1";"1";1;0;0
18074;Vigastatud isiku roll;"1";"1";1;0;0
18078;Vigastuse kirjeldus;"2";"2,1";1;1;0
17771;Vigastuse piirkond;"1";"1";1;0;0
10541;Viidaregistri kande tüüp;"17";"17,16,15,14,13,12,11,10,9,8,7,6,5,4,3,2,1";1;16;0
211;Visiidi liigid;"2";"2,1";1;1;0
1331;Visiidi tüüp;"1";"1";1;0;0
17589;Võimalikud komplikatsioonid;"1";"1";1;0;0
29383;Võimalikud vastunäidustused;"2";"2,1";1;1;0
12534;Volitatud töötaja volituse liik;"5";"5,4,3,2,1";1;4;0
8051;Voodiprofiilid;"3";"3,2,1";1;2;0
32873;Võõrkeha eemaldamine;"1";"1";1;0;0
1736;Ametite Klassifikaator;"1.0";"1.0";0;1;0
1602;arendustest;"2.0";"2.0,1.0";0;0;2
10161;Diagnoosi liik;"1.0";"1.0";0;1;0
33727;DICOM modaliteet;"1";"1";0;0;1
10166;EHK 2008a. hinnakirja meditsiiniseadmed;"2";"2,1";0;2;0
36455;E-konsultatsiooni vastuse liik;"1";"1";0;1;0
10751;ER_EHK poolt hüvitatavad meditsiiniseadmed;"1.0";"1.0";0;1;0
10764;ER_EHK poolt hüvitatavate meditsiiniseadmete hüvitamise tingimused;"1.0";"1.0";0;1;0
10394;ER_EHK poolt hüvitatavate meditsiiniseadmete meditsiiniseadme kaardi lubatud koguse tüübid;"1";"1";0;1;0
10756;ER_EHK poolt hüvitatavate meditsiiniseadmete piirhinnad;"1.0";"1.0";0;1;0
10760;ER_EHK poolt hüvitatavate meditsiiniseadmete rühma koodid;"1.0";"1.0";0;1;0
10398;ER_Ühikud;"1";"1";0;1;0
1433;GKS hinnang;"1";"1";0;0;1
1437;GKS komponendid;"1";"1";0;0;1
33543;Günekotsütoloogilise uuringu tulemus;"1";"1";0;1;0
699;Haiglasse pöördumise põhjused;"1";"1";0;0;1
1429;Hingamise hinnang_EMO;"1";"1";0;0;1
28301;HIV nakkuse profülaktilise testimise põhjus;"1";"1";0;1;0
1283;Immuniseerimise kava ja programm;"3";"3,2,1";0;3;0
12640;Kasvaja paikmed;"1";"1";0;1;0
12647;Kasvaja staadium - kliiniline;"1";"1";0;1;0
12650;Kasvaja staadium - patoloogiline;"1";"1";0;1;0
17536;(kehtetu) Alalõua liigese anatoomia;"1";"1";0;1;0
18184;(kehtetu) ATC;"1";"1";0;1;0
12673;(kehtetu) Emakakaela asukoht;"1";"1";0;1;0
12677;(kehtetu) Emakakaela konsistents;"1";"1";0;1;0
12628;(kehtetu) Fetuse liigutuste hinnang;"1";"1";0;1;0
17551;(kehtetu) Hingamisprobleemid;"1";"1";0;1;0
17554;(kehtetu) Huulekida kinnitus;"1";"1";0;1;0
17557;(kehtetu) Huulekida suurus;"1";"1";0;1;0
17560;(kehtetu) Huulte asend puhkeseisundis;"1";"1";0;1;0
17563;(kehtetu) Lõualuu asend;"1";"1";0;1;0
17568;(kehtetu) Näo ala- ja keskosa kõrguste suhe;"1";"1";0;1;0
17565;(kehtetu) Neelamistüüp;"1";"1";0;1;0
17577;(kehtetu) Ortodontilise ravi motivatsioon;"1";"1";0;1;0
17246;(kehtetu) Radioloogiline meetod;"1";"1";0;1;0
17580;(kehtetu) Retensiooni aparaadi tüüp;"1";"1";0;1;0
17583;(kehtetu) Ruumipuudus või ruumi ülejääk hambakaares;"1";"1";0;1;0
17592;(kehtetu) Üldine füsioloogiline areng;"1";"1";0;1;0
17596;(kehtetu) Ülemiste intsisiivide ja ülahuule suhe naeratades;"1";"1";0;1;0
17599;(kehtetu) Ülemiste intsisiivide ja ülahuule suhe puhkeasendis;"1";"1";0;1;0
651;(kehtetu) Väljastatud tõendid;"1";"1";0;1;0
1356;(kehtetu) Vastsündinu või imiku lihastoonus;"1";"1";0;1;0
17586;(kehtetu) Vastunäidustused hamba-  või ortodontia ravile;"1";"1";0;1;0
18090;(kehtetu) Võimalikud teadvust mõjutavad välisfaktorid;"1";"1";0;1;0
1425;Kõhu hinnang_EMO;"1";"1";0;0;1
12545;Kõne taju;"1";"1";0;0;1
1421;Kopsude kunstliku ventilatsiooni viis_EMO;"1";"1";0;0;1
12287;Menstruatsiooni regulaarsus;"1";"1";0;0;1
265;Mitmikute sünnijärjekord;"2";"2,1";0;1;1
10574;Multiplier;"1";"1";0;0;1
10572;Multiplier2;"1";"1";0;0;1
477;Näidisdokumentides kasutatavad kodeerimissüsteemid;"1.0";"1.0";0;0;1
1586;NCSP;"1.6";"1.6";0;1;0
10481;PACSi operatsioon;"1";"1";0;0;1
12256;Patsiendiportaali diagnooside loend;"1";"1";0;0;1
661;Perinataalsurm;"2";"2,1";0;1;1
1372;Pollutsioon;"1";"1";0;0;1
1384;Pupillide hinnang_EMO;"1";"1";0;0;1
1582;RHK-10;"2.0";"2.0,1.0";0;2;0
1572;Riikide ja territooriumide klassifikaator;"1.0";"1.0";0;1;0
33548;Rinnanäärme histoloogia tulemus;"1";"1";0;1;0
12575;Sotsiaalmajanduslik seisund(lühi);"1";"1";0;0;1
9755;ST_eesnääre;"1.0";"1.0";0;1;0
9759;ST_emakakael;"1.0";"1.0";0;1;0
9763;ST_emakakeha;"1.0";"1.0";0;1;0
9771;ST_häbe;"1.0";"1.0";0;1;0
9767;ST_huul_suuõõs;"1.0";"1.0";0;1;0
9811;ST_käär- ja pärasool;"1.0";"1.0";0;1;0
9783;ST_kilpnääre-anaplastiline vähk;"1.0";"1.0";0;1;0
9775;ST_kilpnääre, papillaarne või follikulaarne 45 aastasel või vanemal ja medullaarne vähk;"1.0";"1.0";0;1;0
9779;ST_kilpnääre, papillaarne või follikulaarne alla 45 aastasel;"1.0";"1.0";0;1;0
9787;ST_kliiniline naha melanoom;"1.0";"1.0";0;1;0
9803;ST_kõhunääre;"1.0";"1.0";0;1;0
9791;ST_kops;"1.0";"1.0";0;1;0
9807;ST_kõri;"1.0";"1.0";0;1;0
9795;ST_kusepõis;"1.0";"1.0";0;1;0
9799;ST_kusiti;"1.0";"1.0";0;1;0
9819;ST_lümfikoe kasvajad;"1.0";"1.0";0;1;0
9815;ST_luu;"1.0";"1.0";0;1;0
9823;ST_magu;"1.0";"1.0";0;1;0
9827;ST_maks;"1.0";"1.0";0;1;0
9750;ST_maksa-kõhunäärme ampull;"1.0";"1.0";0;1;0
9831;ST_munajuha;"1.0";"1.0";0;1;0
9835;ST_munand;"1.0";"1.0";0;1;0
9839;ST_munasari;"1.0";"1.0";0;1;0
9843;ST_nahavähk;"1.0";"1.0";0;1;0
9847;ST_neel-ninaneel;"1.0";"1.0";0;1;0
9851;ST_neel-suuneel, hüpofaarünks;"1.0";"1.0";0;1;0
9855;ST_neer;"1.0";"1.0";0;1;0
9859;ST_neeruvaagen ja kusejuha;"1.0";"1.0";0;1;0
9868;ST_ninakõrvalurked;"1.0";"1.0";0;1;0
9888;ST_pärakukanal;"1.0";"1.0";0;1;0
9872;ST_patoloogiline naha melanoom;"1.0";"1.0";0;1;0
9876;ST_peensool;"1.0";"1.0";0;1;0
9880;ST_pehmed koed-sarkoom;"1.0";"1.0";0;1;0
9884;ST_pleuramesotelioom;"1.0";"1.0";0;1;0
9892;ST_rind;"1.0";"1.0";0;1;0
9896;ST_sapipõis;"1.0";"1.0";0;0;1
9900;ST_sapiteed;"1.0";"1.0";0;1;0
9904;ST_silmamunasoonkesta melanoom;"1.0";"1.0";0;1;0
9912;ST_söögitoru;"1.0";"1.0";0;1;0
9908;ST_suguti;"1.0";"1.0";0;1;0
9916;ST_süljenäärmed;"1.0";"1.0";0;1;0
9920;ST_trofoblastilised kasvajad;"1.0";"1.0";0;1;0
9924;ST_tupp;"1.0";"1.0";0;1;0
666;Tahtlus vigastuse puhul;"1";"1";0;0;1
1409;Teadvuse seisund_EMO;"1";"1";0;0;1
670;Tegevus vigastuse saamise hetkel;"1";"1";0;0;1
707;Teostatud hügieeni protseduurid;"1";"1";0;0;1
703;Tervishoiuasuse EMO-osakonnast lahkumise koht;"1";"1";0;0;1
9930;TNM_eesnääre;"1.0";"1.0";0;1;0
9934;TNM_eesnäärme transitoorrakuline vähk;"1.0";"1.0";0;1;0
9938;TNM_emakakael;"1.0";"1.0";0;1;0
9942;TNM_emakakeha;"1.0";"1.0";0;1;0
9951;TNM_häbe;"1.0";"1.0";0;1;0
9947;TNM_huul_suuõõs;"1.0";"1.0";0;1;0
9992;TNM_käär- ja pärasool;"1.0";"1.0";0;1;0
9960;TNM_kilpnääre-anaplastiline vähk;"1.0";"1.0";0;1;0
9956;TNM_kilpnääre kõik, v.a anaplastiline vähk;"1.0";"1.0";0;1;0
12654;TNM kliiniline;"1";"1";0;1;0
9976;TNM_kõhunääre;"1.0";"1.0";0;1;0
9964;TNM_kops;"1.0";"1.0";0;1;0
9980;TNM_kõri-häälekõri;"1.0";"1.0";0;1;0
9984;TNM_kõri-häälekõrialumik;"1.0";"1.0";0;1;0
9988;TNM_kõri-häälekõriülemik;"1.0";"1.0";0;1;0
9968;TNM_kusepõis;"1.0";"1.0";0;1;0
9972;TNM_kusiti;"1.0";"1.0";0;1;0
9996;TNM_luu;"1.0";"1.0";0;1;0
10000;TNM_magu;"1.0";"1.0";0;1;0
10004;TNM_maks;"1.0";"1.0";0;1;0
9746;TNM_maksa-kõhunäärme ampull;"1.0";"1.0";0;1;0
10008;TNM_munajuha;"1.0";"1.0";0;1;0
10012;TNM_munand;"1.0";"1.0";0;1;0
10016;TNM_munasari;"1.0";"1.0";0;1;0
10020;TNM_naha melanoom;"1.0";"1.0";0;1;0
10024;TNM_nahavähk;"1.0";"1.0";0;1;0
10028;TNM_neel-alaneel;"1.0";"1.0";0;1;0
10032;TNM_neel-ninaneel;"1.0";"1.0";0;1;0
10036;TNM_neel-suuneel;"1.0";"1.0";0;1;0
10040;TNM_neer;"1.0";"1.0";0;1;0
10044;TNM_neeruvaagen ja kusejuha;"1.0";"1.0";0;1;0
10048;TNM_ninakõrvalurked-ninaõõs ja sõelluu-urge;"1.0";"1.0";0;1;0
10052;TNM_ninakõrvalurked-ülalõuaurged;"1.0";"1.0";0;1;0
10072;TNM_pärakukanal;"1.0";"1.0";0;1;0
10056;TNM_peensool;"1.0";"1.0";0;1;0
10060;TNM_pehmed koed-sarkoom;"1.0";"1.0";0;1;0
10064;TNM_pisaranäärmevähk;"1.0";"1.0";0;1;0
10068;TNM_pleuramesotelioom;"1.0";"1.0";0;1;0
10076;TNM_retinoblastoom;"1.0";"1.0";0;1;0
10080;TNM_rind;"1.0";"1.0";0;1;0
10084;TNM_ripskeha ja soonkesta melanoom;"1.0";"1.0";0;1;0
10088;TNM_sapipõis;"1.0";"1.0";0;1;0
10092;TNM_sapiteed;"1.0";"1.0";0;1;0
10096;TNM_silmakoopa sarkoom;"1.0";"1.0";0;1;0
10108;TNM_silmalauvähk;"1.0";"1.0";0;1;0
10100;TNM_silma sidekesta kartsinoom;"1.0";"1.0";0;1;0
10104;TNM_silma sidekesta melanoom;"1.0";"1.0";0;1;0
10116;TNM_söögitoru alumine rinnaosa;"1.0";"1.0";0;1;0
10120;TNM_söögitoru keskmine rinnaosa;"1.0";"1.0";0;1;0
10124;TNM_söögitoru ülemine rinnaosa;"1.0";"1.0";0;1;0
10112;TNM_suguti;"1.0";"1.0";0;1;0
10128;TNM_süljenäärmed;"1.0";"1.0";0;1;0
10132;TNM_trofoblastilised kasvajad;"1.0";"1.0";0;1;0
10136;TNM_tupp;"1.0";"1.0";0;1;0
10140;TNM_vikerkesta melanoom;"1.0";"1.0";0;1;0
12632;UICC TNM;"1";"1";0;1;0
674;Vigastatud kehaosa;"1";"1";0;0;1
686;Vigastuse liik;"1";"1";0;0;1
682;Vigastuse saamise mehhanism;"1";"1";0;0;1
678;Vigastuse tekitanud ese või aine;"1";"1";0;0;1
32528;Viirusanalüüsi vastus;"1";"1";0;1;0
